task	model	split	n	n_cancer	auc	average_precision	sens_at_95spec	auc_definition
BRCA	fame	cv	398	46	0.9671442687747035	0.8851876549210452	0.8260869565217391	pooled_sample_scores
BRCA	fame-gw	cv	398	46	0.9682250494071147	0.9367089063181903	0.9347826086956522	pooled_sample_scores
BRCA	fame	test	165	20	0.9396551724137931	0.8468622047080009	0.75	pooled_sample_scores
BRCA	fame-gw	test	165	20	0.9732758620689655	0.9203856107660455	0.85	pooled_sample_scores
COREAD	fame	cv	457	105	0.9565205627705629	0.9294700432475527	0.8571428571428571	pooled_sample_scores
COREAD	fame-gw	cv	457	105	0.9840367965367965	0.9758759638336025	0.9619047619047619	pooled_sample_scores
COREAD	fame	test	190	45	0.9757854406130269	0.9548168631252751	0.8888888888888888	pooled_sample_scores
COREAD	fame-gw	test	190	45	0.9980076628352491	0.9940391603924508	1.0	pooled_sample_scores
ESCA	fame	cv	394	42	0.9351325757575757	0.7912688184629814	0.7619047619047619	pooled_sample_scores
ESCA	fame-gw	cv	394	42	0.9829545454545454	0.9027288011113399	0.9761904761904762	pooled_sample_scores
ESCA	fame	test	164	19	0.911070780399274	0.7518829016674385	0.6842105263157895	pooled_sample_scores
ESCA	fame-gw	test	164	19	0.9840290381125227	0.9086454189085769	0.8421052631578947	pooled_sample_scores
LIHC	fame	cv	430	78	0.9609921328671329	0.8885511360251682	0.8076923076923077	pooled_sample_scores
LIHC	fame-gw	cv	430	78	0.9910766317016318	0.9770868098407579	0.9743589743589743	pooled_sample_scores
LIHC	fame	test	180	35	0.9464039408866995	0.8849208270829673	0.7714285714285715	pooled_sample_scores
LIHC	fame-gw	test	180	35	0.9986206896551724	0.9943698429412715	1.0	pooled_sample_scores
NSCLC	fame	cv	462	110	0.9163481404958679	0.8541612058108272	0.7	pooled_sample_scores
NSCLC	fame-gw	cv	462	110	0.9835872933884298	0.9710322738530345	0.9727272727272728	pooled_sample_scores
NSCLC	fame	test	192	47	0.9212032281731475	0.8548416316848456	0.6808510638297872	pooled_sample_scores
NSCLC	fame-gw	test	192	47	0.9833455612619223	0.9608303262477988	0.9361702127659575	pooled_sample_scores
PACA	fame	cv	435	83	0.9870276560788609	0.9590954497489217	0.9036144578313253	pooled_sample_scores
PACA	fame-gw	cv	435	83	0.999486582694414	0.9979225423967504	1.0	pooled_sample_scores
PACA	fame	test	181	36	0.9804597701149425	0.9458994196332259	0.8888888888888888	pooled_sample_scores
PACA	fame-gw	test	181	36	0.996934865900383	0.9902481362915536	0.9722222222222222	pooled_sample_scores
STAD	fame	cv	430	78	0.9739583333333333	0.91859683994978	0.8589743589743589	pooled_sample_scores
STAD	fame-gw	cv	430	78	0.9855769230769231	0.9534245571048453	0.9358974358974359	pooled_sample_scores
STAD	fame	test	181	36	0.9814176245210728	0.9475628094480519	0.9166666666666666	pooled_sample_scores
STAD	fame-gw	test	181	36	0.9981800766283525	0.991666118422899	1.0	pooled_sample_scores
