task	model	split	false_positive_rate	true_positive_rate	threshold
BRCA	fame	cv	0.0	0.0	inf
BRCA	fame	cv	0.0	0.021739130434782608	34.34536214396808
BRCA	fame	cv	0.0	0.6521739130434783	2.3842561131008853
BRCA	fame	cv	0.002840909090909091	0.6521739130434783	1.5788026040688403
BRCA	fame	cv	0.002840909090909091	0.6956521739130435	1.4094656149502325
BRCA	fame	cv	0.005681818181818182	0.6956521739130435	1.0314425729970085
BRCA	fame	cv	0.005681818181818182	0.7391304347826086	0.9734534905940296
BRCA	fame	cv	0.011363636363636364	0.7391304347826086	0.7411982921670258
BRCA	fame	cv	0.011363636363636364	0.782608695652174	0.6219379987657848
BRCA	fame	cv	0.03409090909090909	0.782608695652174	0.259048323137329
BRCA	fame	cv	0.03409090909090909	0.8043478260869565	0.2294302292151817
BRCA	fame	cv	0.048295454545454544	0.8043478260869565	0.022284762485915
BRCA	fame	cv	0.048295454545454544	0.8260869565217391	0.0207544031591505
BRCA	fame	cv	0.07102272727272728	0.8260869565217391	-0.2027703437112641
BRCA	fame	cv	0.07102272727272728	0.8478260869565217	-0.2062892557016161
BRCA	fame	cv	0.08522727272727272	0.8478260869565217	-0.2949847570710752
BRCA	fame	cv	0.08522727272727272	0.8695652173913043	-0.2996259219237891
BRCA	fame	cv	0.08806818181818182	0.8695652173913043	-0.313478510121542
BRCA	fame	cv	0.08806818181818182	0.9130434782608695	-0.3631986302167357
BRCA	fame	cv	0.17613636363636365	0.9130434782608695	-0.7240458675422969
BRCA	fame	cv	0.17613636363636365	0.9347826086956522	-0.7424315378556101
BRCA	fame	cv	0.2556818181818182	0.9347826086956522	-0.9919454814578008
BRCA	fame	cv	0.2556818181818182	0.9565217391304348	-0.9926927013253576
BRCA	fame	cv	0.29545454545454547	0.9565217391304348	-1.1395342661183698
BRCA	fame	cv	0.29545454545454547	0.9782608695652174	-1.1426805603522032
BRCA	fame	cv	0.32954545454545453	0.9782608695652174	-1.2631665061229205
BRCA	fame	cv	0.32954545454545453	1.0	-1.2683371630928175
BRCA	fame	cv	1.0	1.0	-3.7621935170227054
BRCA	fame-gw	cv	0.0	0.0	inf
BRCA	fame-gw	cv	0.0	0.34782608695652173	1.0
BRCA	fame-gw	cv	0.0	0.43478260869565216	0.994
BRCA	fame-gw	cv	0.0	0.7391304347826086	0.796
BRCA	fame-gw	cv	0.002840909090909091	0.7391304347826086	0.764
BRCA	fame-gw	cv	0.002840909090909091	0.7608695652173914	0.724
BRCA	fame-gw	cv	0.005681818181818182	0.7608695652173914	0.712
BRCA	fame-gw	cv	0.005681818181818182	0.8478260869565217	0.536
BRCA	fame-gw	cv	0.008522727272727272	0.8478260869565217	0.46
BRCA	fame-gw	cv	0.008522727272727272	0.8695652173913043	0.432
BRCA	fame-gw	cv	0.022727272727272728	0.8695652173913043	0.26
BRCA	fame-gw	cv	0.022727272727272728	0.8913043478260869	0.226
BRCA	fame-gw	cv	0.02556818181818182	0.8913043478260869	0.17
BRCA	fame-gw	cv	0.02556818181818182	0.9347826086956522	0.162
BRCA	fame-gw	cv	0.05397727272727273	0.9347826086956522	0.08
BRCA	fame-gw	cv	0.05965909090909091	0.9347826086956522	0.078
BRCA	fame-gw	cv	0.06534090909090909	0.9347826086956522	0.074
BRCA	fame-gw	cv	0.08238636363636363	0.9347826086956522	0.066
BRCA	fame-gw	cv	0.08522727272727272	0.9347826086956522	0.064
BRCA	fame-gw	cv	0.08522727272727272	0.9565217391304348	0.062
BRCA	fame-gw	cv	0.08806818181818182	0.9565217391304348	0.06
BRCA	fame-gw	cv	0.11079545454545454	0.9565217391304348	0.048
BRCA	fame-gw	cv	0.11647727272727272	0.9565217391304348	0.04
BRCA	fame-gw	cv	0.125	0.9565217391304348	0.038
BRCA	fame-gw	cv	0.1278409090909091	0.9565217391304348	0.036
BRCA	fame-gw	cv	0.13636363636363635	0.9565217391304348	0.034
BRCA	fame-gw	cv	0.1590909090909091	0.9565217391304348	0.03
BRCA	fame-gw	cv	0.17613636363636365	0.9565217391304348	0.026
BRCA	fame-gw	cv	0.19602272727272727	0.9565217391304348	0.024
BRCA	fame-gw	cv	0.20738636363636365	0.9565217391304348	0.022
BRCA	fame-gw	cv	0.23011363636363635	0.9565217391304348	0.02
BRCA	fame-gw	cv	0.2585227272727273	0.9565217391304348	0.016
BRCA	fame-gw	cv	0.3096590909090909	0.9565217391304348	0.012
BRCA	fame-gw	cv	0.32386363636363635	0.9565217391304348	0.01
BRCA	fame-gw	cv	0.3494318181818182	0.9565217391304348	0.008
BRCA	fame-gw	cv	0.3835227272727273	0.9565217391304348	0.006
BRCA	fame-gw	cv	0.45738636363636365	0.9565217391304348	0.004
BRCA	fame-gw	cv	0.5397727272727273	0.9782608695652174	0.002
BRCA	fame-gw	cv	1.0	1.0	0.0
BRCA	fame	test	0.0	0.0	inf
BRCA	fame	test	0.0	0.05	32.560143493654245
BRCA	fame	test	0.0	0.7	2.0390520195999797
BRCA	fame	test	0.006896551724137931	0.7	1.047133292939817
BRCA	fame	test	0.006896551724137931	0.75	0.956902525447581
BRCA	fame	test	0.1310344827586207	0.75	-0.1144687474178011
BRCA	fame	test	0.1310344827586207	0.8	-0.254118927214751
BRCA	fame	test	0.14482758620689656	0.8	-0.2598907730519789
BRCA	fame	test	0.14482758620689656	0.85	-0.2791399272113181
BRCA	fame	test	0.15172413793103448	0.85	-0.2804604847762029
BRCA	fame	test	0.15172413793103448	0.95	-0.3452833043667525
BRCA	fame	test	0.6206896551724138	0.95	-1.6167722544562828
BRCA	fame	test	0.6206896551724138	1.0	-1.6376585861696076
BRCA	fame	test	1.0	1.0	-3.851343876487893
BRCA	fame-gw	test	0.0	0.0	inf
BRCA	fame-gw	test	0.0	0.35	1.0
BRCA	fame-gw	test	0.0	0.45	0.996
BRCA	fame-gw	test	0.0	0.85	0.624
BRCA	fame-gw	test	0.06896551724137931	0.85	0.162
BRCA	fame-gw	test	0.06896551724137931	0.9	0.154
BRCA	fame-gw	test	0.11724137931034483	0.9	0.066
BRCA	fame-gw	test	0.1310344827586207	0.9	0.06
BRCA	fame-gw	test	0.14482758620689656	0.9	0.054
BRCA	fame-gw	test	0.14482758620689656	0.95	0.052
BRCA	fame-gw	test	0.1724137931034483	0.95	0.046
BRCA	fame-gw	test	0.1793103448275862	0.95	0.042
BRCA	fame-gw	test	0.19310344827586207	0.95	0.038
BRCA	fame-gw	test	0.23448275862068965	0.95	0.018
BRCA	fame-gw	test	0.2482758620689655	0.95	0.016
BRCA	fame-gw	test	0.27586206896551724	0.95	0.014
BRCA	fame-gw	test	0.296551724137931	0.95	0.012
BRCA	fame-gw	test	0.30344827586206896	0.95	0.01
BRCA	fame-gw	test	0.33793103448275863	1.0	0.008
BRCA	fame-gw	test	0.4482758620689655	1.0	0.004
BRCA	fame-gw	test	0.5655172413793104	1.0	0.002
BRCA	fame-gw	test	1.0	1.0	0.0
COREAD	fame	cv	0.0	0.0	inf
COREAD	fame	cv	0.0	0.009523809523809525	42.55242289775015
COREAD	fame	cv	0.0	0.6952380952380952	0.9977011672546048
COREAD	fame	cv	0.002840909090909091	0.6952380952380952	0.9542254344841458
COREAD	fame	cv	0.002840909090909091	0.7333333333333333	0.8963420474591997
COREAD	fame	cv	0.005681818181818182	0.7333333333333333	0.8671881897264417
COREAD	fame	cv	0.005681818181818182	0.7619047619047619	0.7804063844666889
COREAD	fame	cv	0.017045454545454544	0.7619047619047619	0.5845405422102943
COREAD	fame	cv	0.017045454545454544	0.7714285714285715	0.5427675766404554
COREAD	fame	cv	0.022727272727272728	0.7714285714285715	0.5287383936616152
COREAD	fame	cv	0.022727272727272728	0.8	0.4344857012641795
COREAD	fame	cv	0.02556818181818182	0.8	0.4071268274508569
COREAD	fame	cv	0.02556818181818182	0.8095238095238095	0.3973946625144282
COREAD	fame	cv	0.028409090909090908	0.8095238095238095	0.3317903845733672
COREAD	fame	cv	0.028409090909090908	0.819047619047619	0.3061427936562437
COREAD	fame	cv	0.03125	0.819047619047619	0.2398747161658454
COREAD	fame	cv	0.03125	0.8380952380952381	0.1988750988699273
COREAD	fame	cv	0.036931818181818184	0.8380952380952381	0.1574634154847579
COREAD	fame	cv	0.036931818181818184	0.8476190476190476	0.1556976014697292
COREAD	fame	cv	0.048295454545454544	0.8476190476190476	0.0704113725930316
COREAD	fame	cv	0.048295454545454544	0.8571428571428571	0.0477590180386929
COREAD	fame	cv	0.05397727272727273	0.8571428571428571	0.0037002917446178
COREAD	fame	cv	0.05397727272727273	0.8952380952380953	-0.0302858309603591
COREAD	fame	cv	0.08806818181818182	0.8952380952380953	-0.1851039468466513
COREAD	fame	cv	0.08806818181818182	0.9047619047619048	-0.1901413712336017
COREAD	fame	cv	0.11647727272727272	0.9047619047619048	-0.3191735977414225
COREAD	fame	cv	0.11647727272727272	0.9142857142857143	-0.3298966698346336
COREAD	fame	cv	0.14488636363636365	0.9142857142857143	-0.433285264005335
COREAD	fame	cv	0.14488636363636365	0.9238095238095239	-0.446507777347402
COREAD	fame	cv	0.19602272727272727	0.9238095238095239	-0.6612295187946556
COREAD	fame	cv	0.19602272727272727	0.9333333333333333	-0.661727591519446
COREAD	fame	cv	0.20454545454545456	0.9333333333333333	-0.6744232753274799
COREAD	fame	cv	0.20454545454545456	0.9428571428571428	-0.6782162703017103
COREAD	fame	cv	0.36363636363636365	0.9428571428571428	-1.1660720006933585
COREAD	fame	cv	0.36363636363636365	0.9523809523809523	-1.1683749904531144
COREAD	fame	cv	0.4005681818181818	0.9523809523809523	-1.229473210720831
COREAD	fame	cv	0.4005681818181818	0.9619047619047619	-1.2308184633146078
COREAD	fame	cv	0.4119318181818182	0.9619047619047619	-1.2594504161620128
COREAD	fame	cv	0.4119318181818182	0.9714285714285714	-1.2677160578788502
COREAD	fame	cv	0.5994318181818182	0.9714285714285714	-1.653520622879134
COREAD	fame	cv	0.5994318181818182	0.9809523809523809	-1.654778410946517
COREAD	fame	cv	0.6363636363636364	0.9809523809523809	-1.7050148160105576
COREAD	fame	cv	0.6363636363636364	0.9904761904761905	-1.707339332180953
COREAD	fame	cv	0.8721590909090909	0.9904761904761905	-2.286675740518969
COREAD	fame	cv	0.8721590909090909	1.0	-2.287238568924766
COREAD	fame	cv	1.0	1.0	-4.590916907568119
COREAD	fame-gw	cv	0.0	0.0	inf
COREAD	fame-gw	cv	0.0	0.41904761904761906	1.0
COREAD	fame-gw	cv	0.0	0.4380952380952381	0.998
COREAD	fame-gw	cv	0.0	0.4666666666666667	0.996
COREAD	fame-gw	cv	0.0	0.4857142857142857	0.992
COREAD	fame-gw	cv	0.0	0.5047619047619047	0.99
COREAD	fame-gw	cv	0.0	0.5142857142857142	0.988
COREAD	fame-gw	cv	0.0	0.5333333333333333	0.986
COREAD	fame-gw	cv	0.0	0.5523809523809524	0.98
COREAD	fame-gw	cv	0.0	0.5714285714285714	0.978
COREAD	fame-gw	cv	0.0	0.580952380952381	0.974
COREAD	fame-gw	cv	0.0	0.6	0.97
COREAD	fame-gw	cv	0.0	0.6095238095238096	0.966
COREAD	fame-gw	cv	0.0	0.6666666666666666	0.946
COREAD	fame-gw	cv	0.0	0.7333333333333333	0.836
COREAD	fame-gw	cv	0.002840909090909091	0.7428571428571429	0.818
COREAD	fame-gw	cv	0.002840909090909091	0.7904761904761904	0.776
COREAD	fame-gw	cv	0.002840909090909091	0.8095238095238095	0.774
COREAD	fame-gw	cv	0.002840909090909091	0.8476190476190476	0.736
COREAD	fame-gw	cv	0.005681818181818182	0.8476190476190476	0.716
COREAD	fame-gw	cv	0.005681818181818182	0.9047619047619048	0.624
COREAD	fame-gw	cv	0.008522727272727272	0.9047619047619048	0.58
COREAD	fame-gw	cv	0.008522727272727272	0.9238095238095239	0.574
COREAD	fame-gw	cv	0.011363636363636364	0.9238095238095239	0.46
COREAD	fame-gw	cv	0.011363636363636364	0.9619047619047619	0.378
COREAD	fame-gw	cv	0.05397727272727273	0.9619047619047619	0.134
COREAD	fame-gw	cv	0.05397727272727273	0.9714285714285714	0.13
COREAD	fame-gw	cv	0.0625	0.9714285714285714	0.128
COREAD	fame-gw	cv	0.06534090909090909	0.9714285714285714	0.126
COREAD	fame-gw	cv	0.07102272727272728	0.9714285714285714	0.122
COREAD	fame-gw	cv	0.08522727272727272	0.9714285714285714	0.098
COREAD	fame-gw	cv	0.09090909090909091	0.9714285714285714	0.094
COREAD	fame-gw	cv	0.11647727272727272	0.9714285714285714	0.058
COREAD	fame-gw	cv	0.1278409090909091	0.9714285714285714	0.056
COREAD	fame-gw	cv	0.14204545454545456	0.9714285714285714	0.054
COREAD	fame-gw	cv	0.15056818181818182	0.9714285714285714	0.052
COREAD	fame-gw	cv	0.16477272727272727	0.9714285714285714	0.05
COREAD	fame-gw	cv	0.16761363636363635	0.9714285714285714	0.048
COREAD	fame-gw	cv	0.18181818181818182	0.9714285714285714	0.044
COREAD	fame-gw	cv	0.1875	0.9714285714285714	0.04
COREAD	fame-gw	cv	0.19886363636363635	0.9714285714285714	0.038
COREAD	fame-gw	cv	0.20738636363636365	0.9714285714285714	0.036
COREAD	fame-gw	cv	0.2215909090909091	0.9714285714285714	0.034
COREAD	fame-gw	cv	0.2556818181818182	0.9714285714285714	0.03
COREAD	fame-gw	cv	0.26704545454545453	0.9714285714285714	0.028
COREAD	fame-gw	cv	0.2840909090909091	0.9714285714285714	0.022
COREAD	fame-gw	cv	0.3039772727272727	0.9714285714285714	0.02
COREAD	fame-gw	cv	0.3181818181818182	0.9714285714285714	0.018
COREAD	fame-gw	cv	0.3409090909090909	0.9714285714285714	0.016
COREAD	fame-gw	cv	0.3778409090909091	0.9809523809523809	0.014
COREAD	fame-gw	cv	0.3977272727272727	0.9809523809523809	0.012
COREAD	fame-gw	cv	0.4375	0.9809523809523809	0.01
COREAD	fame-gw	cv	0.4772727272727273	0.9904761904761905	0.008
COREAD	fame-gw	cv	0.5369318181818182	0.9904761904761905	0.006
COREAD	fame-gw	cv	0.6193181818181818	0.9904761904761905	0.004
COREAD	fame-gw	cv	0.7329545454545454	1.0	0.002
COREAD	fame-gw	cv	1.0	1.0	0.0
COREAD	fame	test	0.0	0.0	inf
COREAD	fame	test	0.0	0.022222222222222223	38.781870324779845
COREAD	fame	test	0.0	0.7333333333333333	1.66647534155434
COREAD	fame	test	0.006896551724137931	0.7333333333333333	1.5872690161174066
COREAD	fame	test	0.006896551724137931	0.8444444444444444	0.7505169086897229
COREAD	fame	test	0.020689655172413793	0.8444444444444444	0.5286542596869291
COREAD	fame	test	0.020689655172413793	0.8888888888888888	0.5232905493521289
COREAD	fame	test	0.07586206896551724	0.8888888888888888	0.2432743520655362
COREAD	fame	test	0.07586206896551724	0.9111111111111111	0.1917583294541616
COREAD	fame	test	0.09655172413793103	0.9111111111111111	-0.0615298457544426
COREAD	fame	test	0.09655172413793103	0.9333333333333333	-0.0779576953278783
COREAD	fame	test	0.10344827586206896	0.9333333333333333	-0.0841890034811784
COREAD	fame	test	0.10344827586206896	0.9555555555555556	-0.1072732414310925
COREAD	fame	test	0.20689655172413793	0.9555555555555556	-0.5705477919465504
COREAD	fame	test	0.20689655172413793	0.9777777777777777	-0.5811138145447142
COREAD	fame	test	0.5310344827586206	0.9777777777777777	-1.234974967728066
COREAD	fame	test	0.5310344827586206	1.0	-1.2356841690461082
COREAD	fame	test	1.0	1.0	-3.5886388143097423
COREAD	fame-gw	test	0.0	0.0	inf
COREAD	fame-gw	test	0.0	0.5333333333333333	1.0
COREAD	fame-gw	test	0.0	0.5777777777777777	0.994
COREAD	fame-gw	test	0.0	0.6	0.992
COREAD	fame-gw	test	0.0	0.6444444444444445	0.99
COREAD	fame-gw	test	0.0	0.7333333333333333	0.964
COREAD	fame-gw	test	0.0	0.7777777777777778	0.946
COREAD	fame-gw	test	0.0	0.8888888888888888	0.704
COREAD	fame-gw	test	0.006896551724137931	0.8888888888888888	0.702
COREAD	fame-gw	test	0.006896551724137931	0.9555555555555556	0.642
COREAD	fame-gw	test	0.020689655172413793	0.9555555555555556	0.57
COREAD	fame-gw	test	0.020689655172413793	0.9777777777777777	0.534
COREAD	fame-gw	test	0.04827586206896552	0.9777777777777777	0.26
COREAD	fame-gw	test	0.04827586206896552	1.0	0.246
COREAD	fame-gw	test	0.07586206896551724	1.0	0.152
COREAD	fame-gw	test	0.0896551724137931	1.0	0.15
COREAD	fame-gw	test	0.14482758620689656	1.0	0.09
COREAD	fame-gw	test	0.15862068965517243	1.0	0.078
COREAD	fame-gw	test	0.1724137931034483	1.0	0.068
COREAD	fame-gw	test	0.18620689655172415	1.0	0.066
COREAD	fame-gw	test	0.22758620689655173	1.0	0.036
COREAD	fame-gw	test	0.25517241379310346	1.0	0.032
COREAD	fame-gw	test	0.3103448275862069	1.0	0.024
COREAD	fame-gw	test	0.35172413793103446	1.0	0.022
COREAD	fame-gw	test	0.3931034482758621	1.0	0.016
COREAD	fame-gw	test	0.4	1.0	0.014
COREAD	fame-gw	test	0.43448275862068964	1.0	0.012
COREAD	fame-gw	test	0.496551724137931	1.0	0.01
COREAD	fame-gw	test	0.5241379310344828	1.0	0.008
COREAD	fame-gw	test	0.6620689655172414	1.0	0.004
COREAD	fame-gw	test	0.7793103448275862	1.0	0.002
COREAD	fame-gw	test	1.0	1.0	0.0
ESCA	fame	cv	0.0	0.0	inf
ESCA	fame	cv	0.0	0.023809523809523808	28.66806170517066
ESCA	fame	cv	0.0	0.47619047619047616	2.6330438657117616
ESCA	fame	cv	0.005681818181818182	0.47619047619047616	1.84162093936656
ESCA	fame	cv	0.005681818181818182	0.5952380952380952	1.3239077291236476
ESCA	fame	cv	0.011363636363636364	0.5952380952380952	1.2048071657884096
ESCA	fame	cv	0.011363636363636364	0.6428571428571429	1.0680972187796014
ESCA	fame	cv	0.014204545454545454	0.6428571428571429	1.0602840981520751
ESCA	fame	cv	0.014204545454545454	0.6666666666666666	0.9601544278823982
ESCA	fame	cv	0.036931818181818184	0.6666666666666666	0.6911340293710154
ESCA	fame	cv	0.036931818181818184	0.7380952380952381	0.5525094318072763
ESCA	fame	cv	0.045454545454545456	0.7380952380952381	0.5064258642138904
ESCA	fame	cv	0.045454545454545456	0.7619047619047619	0.4984912476865868
ESCA	fame	cv	0.08522727272727272	0.7619047619047619	0.1838971730645239
ESCA	fame	cv	0.08522727272727272	0.7857142857142857	0.1258891860797184
ESCA	fame	cv	0.11079545454545454	0.7857142857142857	-0.0452287078960769
ESCA	fame	cv	0.11079545454545454	0.8095238095238095	-0.0862751390152773
ESCA	fame	cv	0.17045454545454544	0.8095238095238095	-0.3673534724750528
ESCA	fame	cv	0.17045454545454544	0.8333333333333334	-0.3681590938749352
ESCA	fame	cv	0.22727272727272727	0.8333333333333334	-0.6177863580729557
ESCA	fame	cv	0.22727272727272727	0.8809523809523809	-0.6222067221039639
ESCA	fame	cv	0.24431818181818182	0.8809523809523809	-0.695746830938436
ESCA	fame	cv	0.24431818181818182	0.9047619047619048	-0.6970975113517743
ESCA	fame	cv	0.2585227272727273	0.9047619047619048	-0.7305253587084738
ESCA	fame	cv	0.2585227272727273	0.9285714285714286	-0.7374150535305997
ESCA	fame	cv	0.3039772727272727	0.9285714285714286	-0.9393230988193688
ESCA	fame	cv	0.3039772727272727	0.9523809523809523	-0.9583546618009926
ESCA	fame	cv	0.4034090909090909	0.9523809523809523	-1.2457902380187662
ESCA	fame	cv	0.4034090909090909	0.9761904761904762	-1.2512216721887124
ESCA	fame	cv	0.4715909090909091	0.9761904761904762	-1.408389324058152
ESCA	fame	cv	0.4715909090909091	1.0	-1.4156219673344566
ESCA	fame	cv	1.0	1.0	-5.090861161730229
ESCA	fame-gw	cv	0.0	0.0	inf
ESCA	fame-gw	cv	0.0	0.11904761904761904	1.0
ESCA	fame-gw	cv	0.0	0.35714285714285715	0.904
ESCA	fame-gw	cv	0.002840909090909091	0.35714285714285715	0.892
ESCA	fame-gw	cv	0.002840909090909091	0.5238095238095238	0.732
ESCA	fame-gw	cv	0.005681818181818182	0.5238095238095238	0.72
ESCA	fame-gw	cv	0.005681818181818182	0.5476190476190477	0.716
ESCA	fame-gw	cv	0.008522727272727272	0.5476190476190477	0.708
ESCA	fame-gw	cv	0.011363636363636364	0.5714285714285714	0.692
ESCA	fame-gw	cv	0.011363636363636364	0.5952380952380952	0.668
ESCA	fame-gw	cv	0.014204545454545454	0.6190476190476191	0.662
ESCA	fame-gw	cv	0.014204545454545454	0.7857142857142857	0.478
ESCA	fame-gw	cv	0.017045454545454544	0.7857142857142857	0.45
ESCA	fame-gw	cv	0.017045454545454544	0.8333333333333334	0.392
ESCA	fame-gw	cv	0.022727272727272728	0.8333333333333334	0.336
ESCA	fame-gw	cv	0.022727272727272728	0.8809523809523809	0.312
ESCA	fame-gw	cv	0.02556818181818182	0.8809523809523809	0.298
ESCA	fame-gw	cv	0.02556818181818182	0.9285714285714286	0.26
ESCA	fame-gw	cv	0.028409090909090908	0.9285714285714286	0.226
ESCA	fame-gw	cv	0.028409090909090908	0.9523809523809523	0.21
ESCA	fame-gw	cv	0.03125	0.9523809523809523	0.206
ESCA	fame-gw	cv	0.03125	0.9761904761904762	0.194
ESCA	fame-gw	cv	0.03977272727272727	0.9761904761904762	0.124
ESCA	fame-gw	cv	0.045454545454545456	0.9761904761904762	0.12
ESCA	fame-gw	cv	0.048295454545454544	0.9761904761904762	0.116
ESCA	fame-gw	cv	0.05397727272727273	0.9761904761904762	0.114
ESCA	fame-gw	cv	0.08806818181818182	0.9761904761904762	0.06
ESCA	fame-gw	cv	0.09943181818181818	0.9761904761904762	0.054
ESCA	fame-gw	cv	0.10227272727272728	0.9761904761904762	0.052
ESCA	fame-gw	cv	0.10795454545454546	0.9761904761904762	0.05
ESCA	fame-gw	cv	0.11931818181818182	0.9761904761904762	0.042
ESCA	fame-gw	cv	0.1278409090909091	0.9761904761904762	0.04
ESCA	fame-gw	cv	0.13352272727272727	0.9761904761904762	0.038
ESCA	fame-gw	cv	0.14204545454545456	0.9761904761904762	0.036
ESCA	fame-gw	cv	0.14488636363636365	0.9761904761904762	0.034
ESCA	fame-gw	cv	0.17897727272727273	0.9761904761904762	0.03
ESCA	fame-gw	cv	0.1903409090909091	0.9761904761904762	0.028
ESCA	fame-gw	cv	0.19602272727272727	0.9761904761904762	0.026
ESCA	fame-gw	cv	0.2159090909090909	0.9761904761904762	0.024
ESCA	fame-gw	cv	0.23295454545454544	0.9761904761904762	0.022
ESCA	fame-gw	cv	0.24147727272727273	0.9761904761904762	0.02
ESCA	fame-gw	cv	0.26136363636363635	0.9761904761904762	0.018
ESCA	fame-gw	cv	0.2784090909090909	0.9761904761904762	0.016
ESCA	fame-gw	cv	0.32386363636363635	0.9761904761904762	0.012
ESCA	fame-gw	cv	0.35511363636363635	0.9761904761904762	0.01
ESCA	fame-gw	cv	0.3778409090909091	1.0	0.008
ESCA	fame-gw	cv	0.40625	1.0	0.006
ESCA	fame-gw	cv	0.4914772727272727	1.0	0.004
ESCA	fame-gw	cv	0.6022727272727273	1.0	0.002
ESCA	fame-gw	cv	1.0	1.0	0.0
ESCA	fame	test	0.0	0.0	inf
ESCA	fame	test	0.0	0.05263157894736842	25.33384425614024
ESCA	fame	test	0.0	0.5263157894736842	2.759512894751478
ESCA	fame	test	0.020689655172413793	0.5263157894736842	2.012042627171157
ESCA	fame	test	0.020689655172413793	0.5789473684210527	1.5992163560935369
ESCA	fame	test	0.034482758620689655	0.5789473684210527	1.5475392462438584
ESCA	fame	test	0.034482758620689655	0.631578947368421	1.42822247953822
ESCA	fame	test	0.04827586206896552	0.631578947368421	1.1053392378876634
ESCA	fame	test	0.04827586206896552	0.6842105263157895	1.0402210248582433
ESCA	fame	test	0.08275862068965517	0.6842105263157895	0.7538327800494689
ESCA	fame	test	0.08275862068965517	0.7368421052631579	0.6637249267840832
ESCA	fame	test	0.1103448275862069	0.7368421052631579	0.4792317191910291
ESCA	fame	test	0.1103448275862069	0.7894736842105263	0.3532766582302047
ESCA	fame	test	0.1793103448275862	0.7894736842105263	-0.0437543192170295
ESCA	fame	test	0.1793103448275862	0.8421052631578947	-0.0633567637725004
ESCA	fame	test	0.2482758620689655	0.8421052631578947	-0.2966666394113217
ESCA	fame	test	0.2482758620689655	0.8947368421052632	-0.3597667606228011
ESCA	fame	test	0.43448275862068964	0.8947368421052632	-0.8336341386294777
ESCA	fame	test	0.43448275862068964	0.9473684210526315	-0.8510296834399534
ESCA	fame	test	0.5310344827586206	0.9473684210526315	-1.1465473913133208
ESCA	fame	test	0.5310344827586206	1.0	-1.1565771599087362
ESCA	fame	test	1.0	1.0	-3.480897706233866
ESCA	fame-gw	test	0.0	0.0	inf
ESCA	fame-gw	test	0.0	0.15789473684210525	0.996
ESCA	fame-gw	test	0.0	0.3684210526315789	0.852
ESCA	fame-gw	test	0.0	0.47368421052631576	0.834
ESCA	fame-gw	test	0.0	0.631578947368421	0.666
ESCA	fame-gw	test	0.006896551724137931	0.631578947368421	0.65
ESCA	fame-gw	test	0.006896551724137931	0.6842105263157895	0.642
ESCA	fame-gw	test	0.013793103448275862	0.6842105263157895	0.626
ESCA	fame-gw	test	0.013793103448275862	0.7368421052631579	0.62
ESCA	fame-gw	test	0.020689655172413793	0.7368421052631579	0.616
ESCA	fame-gw	test	0.020689655172413793	0.7894736842105263	0.536
ESCA	fame-gw	test	0.041379310344827586	0.7894736842105263	0.456
ESCA	fame-gw	test	0.041379310344827586	0.8421052631578947	0.404
ESCA	fame-gw	test	0.04827586206896552	0.8421052631578947	0.392
ESCA	fame-gw	test	0.05517241379310345	0.8947368421052632	0.374
ESCA	fame-gw	test	0.05517241379310345	0.9473684210526315	0.344
ESCA	fame-gw	test	0.09655172413793103	0.9473684210526315	0.134
ESCA	fame-gw	test	0.1103448275862069	0.9473684210526315	0.124
ESCA	fame-gw	test	0.11724137931034483	1.0	0.114
ESCA	fame-gw	test	0.13793103448275862	1.0	0.076
ESCA	fame-gw	test	0.15172413793103448	1.0	0.074
ESCA	fame-gw	test	0.15862068965517243	1.0	0.062
ESCA	fame-gw	test	0.1724137931034483	1.0	0.06
ESCA	fame-gw	test	0.1793103448275862	1.0	0.058
ESCA	fame-gw	test	0.19310344827586207	1.0	0.056
ESCA	fame-gw	test	0.2	1.0	0.052
ESCA	fame-gw	test	0.21379310344827587	1.0	0.05
ESCA	fame-gw	test	0.22758620689655173	1.0	0.036
ESCA	fame-gw	test	0.2827586206896552	1.0	0.028
ESCA	fame-gw	test	0.31724137931034485	1.0	0.026
ESCA	fame-gw	test	0.3448275862068966	1.0	0.024
ESCA	fame-gw	test	0.35172413793103446	1.0	0.02
ESCA	fame-gw	test	0.36551724137931035	1.0	0.018
ESCA	fame-gw	test	0.3931034482758621	1.0	0.016
ESCA	fame-gw	test	0.4	1.0	0.014
ESCA	fame-gw	test	0.4413793103448276	1.0	0.01
ESCA	fame-gw	test	0.4896551724137931	1.0	0.008
ESCA	fame-gw	test	0.5172413793103449	1.0	0.006
ESCA	fame-gw	test	0.6	1.0	0.004
ESCA	fame-gw	test	0.6896551724137931	1.0	0.002
ESCA	fame-gw	test	1.0	1.0	0.0
LIHC	fame	cv	0.0	0.0	inf
LIHC	fame	cv	0.0	0.01282051282051282	33.82414061473612
LIHC	fame	cv	0.0	0.5641025641025641	2.3158679018082675
LIHC	fame	cv	0.002840909090909091	0.5641025641025641	2.2665445591816065
LIHC	fame	cv	0.002840909090909091	0.5897435897435898	2.216221056836692
LIHC	fame	cv	0.008522727272727272	0.5897435897435898	2.131976549253692
LIHC	fame	cv	0.008522727272727272	0.6410256410256411	1.7671302281060022
LIHC	fame	cv	0.011363636363636364	0.6410256410256411	1.7104158314554536
LIHC	fame	cv	0.011363636363636364	0.6794871794871795	1.4921952973170125
LIHC	fame	cv	0.014204545454545454	0.6794871794871795	1.3348604313969146
LIHC	fame	cv	0.014204545454545454	0.6923076923076923	1.3312067087663526
LIHC	fame	cv	0.019886363636363636	0.6923076923076923	1.006949236534212
LIHC	fame	cv	0.019886363636363636	0.717948717948718	0.8862661302506907
LIHC	fame	cv	0.03125	0.717948717948718	0.7698040131369122
LIHC	fame	cv	0.03125	0.7435897435897436	0.6884425761876447
LIHC	fame	cv	0.036931818181818184	0.7435897435897436	0.6566723718110444
LIHC	fame	cv	0.036931818181818184	0.7692307692307693	0.6413208256772318
LIHC	fame	cv	0.03977272727272727	0.7692307692307693	0.6103086467661203
LIHC	fame	cv	0.03977272727272727	0.782051282051282	0.5933512432499857
LIHC	fame	cv	0.04261363636363636	0.782051282051282	0.5441136870454859
LIHC	fame	cv	0.04261363636363636	0.7948717948717948	0.5297366183035251
LIHC	fame	cv	0.045454545454545456	0.7948717948717948	0.52607967860238
LIHC	fame	cv	0.045454545454545456	0.8076923076923077	0.4833463069688303
LIHC	fame	cv	0.06818181818181818	0.8076923076923077	0.1709584394254799
LIHC	fame	cv	0.06818181818181818	0.8205128205128205	0.1678440475911577
LIHC	fame	cv	0.08238636363636363	0.8205128205128205	0.0291016736815389
LIHC	fame	cv	0.08238636363636363	0.8461538461538461	-0.0220531024575722
LIHC	fame	cv	0.08806818181818182	0.8461538461538461	-0.0439894200861942
LIHC	fame	cv	0.08806818181818182	0.8589743589743589	-0.0471119227786211
LIHC	fame	cv	0.13352272727272727	0.8589743589743589	-0.2888280535012969
LIHC	fame	cv	0.13352272727272727	0.8717948717948718	-0.2892690164659572
LIHC	fame	cv	0.13636363636363635	0.8717948717948718	-0.2896136062160452
LIHC	fame	cv	0.13636363636363635	0.8846153846153846	-0.2929496680513703
LIHC	fame	cv	0.18181818181818182	0.8846153846153846	-0.4931194316945216
LIHC	fame	cv	0.18181818181818182	0.9102564102564102	-0.5302441629145827
LIHC	fame	cv	0.1846590909090909	0.9102564102564102	-0.54711420580923
LIHC	fame	cv	0.1846590909090909	0.9230769230769231	-0.5476882301557321
LIHC	fame	cv	0.1903409090909091	0.9230769230769231	-0.5869074311689598
LIHC	fame	cv	0.1903409090909091	0.9358974358974359	-0.591370108417236
LIHC	fame	cv	0.19318181818181818	0.9358974358974359	-0.598684026776807
LIHC	fame	cv	0.19318181818181818	0.9487179487179487	-0.6139459383086103
LIHC	fame	cv	0.19886363636363635	0.9487179487179487	-0.6561791828886874
LIHC	fame	cv	0.19886363636363635	0.9615384615384616	-0.6565829239579435
LIHC	fame	cv	0.23579545454545456	0.9615384615384616	-0.8356015889426083
LIHC	fame	cv	0.23579545454545456	0.9743589743589743	-0.850657091060183
LIHC	fame	cv	0.3096590909090909	0.9743589743589743	-1.1000915507681583
LIHC	fame	cv	0.3096590909090909	0.9871794871794872	-1.1002963472859215
LIHC	fame	cv	0.3835227272727273	0.9871794871794872	-1.2692847359396984
LIHC	fame	cv	0.3835227272727273	1.0	-1.2880838671205024
LIHC	fame	cv	1.0	1.0	-4.0482108424597945
LIHC	fame-gw	cv	0.0	0.0	inf
LIHC	fame-gw	cv	0.0	0.2948717948717949	1.0
LIHC	fame-gw	cv	0.0	0.3076923076923077	0.998
LIHC	fame-gw	cv	0.0	0.3333333333333333	0.994
LIHC	fame-gw	cv	0.0	0.46153846153846156	0.964
LIHC	fame-gw	cv	0.0	0.5128205128205128	0.96
LIHC	fame-gw	cv	0.0	0.5641025641025641	0.922
LIHC	fame-gw	cv	0.0	0.5897435897435898	0.92
LIHC	fame-gw	cv	0.0	0.7948717948717948	0.71
LIHC	fame-gw	cv	0.0	0.8205128205128205	0.706
LIHC	fame-gw	cv	0.0	0.8333333333333334	0.63
LIHC	fame-gw	cv	0.002840909090909091	0.8333333333333334	0.626
LIHC	fame-gw	cv	0.002840909090909091	0.8589743589743589	0.606
LIHC	fame-gw	cv	0.008522727272727272	0.8589743589743589	0.588
LIHC	fame-gw	cv	0.008522727272727272	0.8717948717948718	0.566
LIHC	fame-gw	cv	0.011363636363636364	0.8717948717948718	0.546
LIHC	fame-gw	cv	0.011363636363636364	0.8974358974358975	0.508
LIHC	fame-gw	cv	0.014204545454545454	0.8974358974358975	0.48
LIHC	fame-gw	cv	0.014204545454545454	0.9102564102564102	0.462
LIHC	fame-gw	cv	0.019886363636363636	0.9102564102564102	0.452
LIHC	fame-gw	cv	0.019886363636363636	0.9358974358974359	0.43
LIHC	fame-gw	cv	0.022727272727272728	0.9358974358974359	0.39
LIHC	fame-gw	cv	0.022727272727272728	0.9487179487179487	0.38
LIHC	fame-gw	cv	0.03125	0.9487179487179487	0.32
LIHC	fame-gw	cv	0.03125	0.9743589743589743	0.27
LIHC	fame-gw	cv	0.045454545454545456	0.9743589743589743	0.152
LIHC	fame-gw	cv	0.05113636363636364	0.9743589743589743	0.132
LIHC	fame-gw	cv	0.07386363636363637	0.9743589743589743	0.088
LIHC	fame-gw	cv	0.08522727272727272	0.9743589743589743	0.078
LIHC	fame-gw	cv	0.09090909090909091	0.9743589743589743	0.062
LIHC	fame-gw	cv	0.09659090909090909	0.9743589743589743	0.06
LIHC	fame-gw	cv	0.09943181818181818	0.9743589743589743	0.058
LIHC	fame-gw	cv	0.10511363636363637	0.9743589743589743	0.054
LIHC	fame-gw	cv	0.10795454545454546	0.9743589743589743	0.05
LIHC	fame-gw	cv	0.11363636363636363	0.9743589743589743	0.048
LIHC	fame-gw	cv	0.11647727272727272	0.9871794871794872	0.046
LIHC	fame-gw	cv	0.11931818181818182	0.9871794871794872	0.044
LIHC	fame-gw	cv	0.13068181818181818	0.9871794871794872	0.04
LIHC	fame-gw	cv	0.13352272727272727	0.9871794871794872	0.038
LIHC	fame-gw	cv	0.14204545454545456	0.9871794871794872	0.034
LIHC	fame-gw	cv	0.14772727272727273	0.9871794871794872	0.03
LIHC	fame-gw	cv	0.1534090909090909	0.9871794871794872	0.028
LIHC	fame-gw	cv	0.15625	0.9871794871794872	0.026
LIHC	fame-gw	cv	0.17045454545454544	0.9871794871794872	0.024
LIHC	fame-gw	cv	0.17897727272727273	0.9871794871794872	0.02
LIHC	fame-gw	cv	0.21875	0.9871794871794872	0.016
LIHC	fame-gw	cv	0.23295454545454544	0.9871794871794872	0.014
LIHC	fame-gw	cv	0.2556818181818182	0.9871794871794872	0.012
LIHC	fame-gw	cv	0.2840909090909091	0.9871794871794872	0.01
LIHC	fame-gw	cv	0.3181818181818182	0.9871794871794872	0.008
LIHC	fame-gw	cv	0.3693181818181818	0.9871794871794872	0.006
LIHC	fame-gw	cv	0.4403409090909091	1.0	0.004
LIHC	fame-gw	cv	0.5738636363636364	1.0	0.002
LIHC	fame-gw	cv	1.0	1.0	0.0
LIHC	fame	test	0.0	0.0	inf
LIHC	fame	test	0.0	0.02857142857142857	30.084266557478145
LIHC	fame	test	0.0	0.6571428571428571	1.9085803308785847
LIHC	fame	test	0.006896551724137931	0.6571428571428571	1.9085132865670176
LIHC	fame	test	0.006896551724137931	0.6857142857142857	1.8084529195740584
LIHC	fame	test	0.027586206896551724	0.6857142857142857	1.5116982955492335
LIHC	fame	test	0.027586206896551724	0.7714285714285715	1.3055696520265792
LIHC	fame	test	0.05517241379310345	0.7714285714285715	0.8793243265526006
LIHC	fame	test	0.05517241379310345	0.8285714285714286	0.610704773493688
LIHC	fame	test	0.12413793103448276	0.8285714285714286	0.2842932558007783
LIHC	fame	test	0.12413793103448276	0.8571428571428571	0.2802731472133771
LIHC	fame	test	0.14482758620689656	0.8571428571428571	0.2147409871324197
LIHC	fame	test	0.14482758620689656	0.8857142857142857	0.1672103263684634
LIHC	fame	test	0.2482758620689655	0.8857142857142857	-0.3606575796269437
LIHC	fame	test	0.2482758620689655	0.9142857142857143	-0.3709492528364034
LIHC	fame	test	0.2620689655172414	0.9142857142857143	-0.376418621995124
LIHC	fame	test	0.2620689655172414	0.9428571428571428	-0.4119689609416435
LIHC	fame	test	0.4206896551724138	0.9428571428571428	-0.9686187339401032
LIHC	fame	test	0.4206896551724138	0.9714285714285714	-0.9708981062084568
LIHC	fame	test	0.47586206896551725	0.9714285714285714	-1.1536772328401352
LIHC	fame	test	0.47586206896551725	1.0	-1.182515071283023
LIHC	fame	test	1.0	1.0	-5.075960233130271
LIHC	fame-gw	test	0.0	0.0	inf
LIHC	fame-gw	test	0.0	0.42857142857142855	1.0
LIHC	fame-gw	test	0.0	0.5142857142857142	0.986
LIHC	fame-gw	test	0.0	0.5714285714285714	0.984
LIHC	fame-gw	test	0.0	0.8857142857142857	0.714
LIHC	fame-gw	test	0.006896551724137931	0.8857142857142857	0.712
LIHC	fame-gw	test	0.006896551724137931	0.9142857142857143	0.66
LIHC	fame-gw	test	0.013793103448275862	0.9142857142857143	0.626
LIHC	fame-gw	test	0.013793103448275862	1.0	0.47
LIHC	fame-gw	test	0.13793103448275862	1.0	0.074
LIHC	fame-gw	test	0.15172413793103448	1.0	0.07
LIHC	fame-gw	test	0.1724137931034483	1.0	0.06
LIHC	fame-gw	test	0.2	1.0	0.058
LIHC	fame-gw	test	0.20689655172413793	1.0	0.054
LIHC	fame-gw	test	0.2206896551724138	1.0	0.052
LIHC	fame-gw	test	0.2482758620689655	1.0	0.034
LIHC	fame-gw	test	0.2689655172413793	1.0	0.032
LIHC	fame-gw	test	0.2827586206896552	1.0	0.03
LIHC	fame-gw	test	0.30344827586206896	1.0	0.028
LIHC	fame-gw	test	0.3103448275862069	1.0	0.024
LIHC	fame-gw	test	0.3310344827586207	1.0	0.022
LIHC	fame-gw	test	0.33793103448275863	1.0	0.018
LIHC	fame-gw	test	0.35172413793103446	1.0	0.016
LIHC	fame-gw	test	0.38620689655172413	1.0	0.014
LIHC	fame-gw	test	0.41379310344827586	1.0	0.012
LIHC	fame-gw	test	0.43448275862068964	1.0	0.01
LIHC	fame-gw	test	0.4689655172413793	1.0	0.008
LIHC	fame-gw	test	0.5448275862068965	1.0	0.006
LIHC	fame-gw	test	0.6	1.0	0.004
LIHC	fame-gw	test	0.6896551724137931	1.0	0.002
LIHC	fame-gw	test	1.0	1.0	0.0
NSCLC	fame	cv	0.0	0.0	inf
NSCLC	fame	cv	0.0	0.00909090909090909	29.227473325363203
NSCLC	fame	cv	0.0	0.38181818181818183	2.697434437898076
NSCLC	fame	cv	0.002840909090909091	0.38181818181818183	2.6770235148142483
NSCLC	fame	cv	0.002840909090909091	0.4909090909090909	1.991681696394316
NSCLC	fame	cv	0.005681818181818182	0.4909090909090909	1.9731264079522963
NSCLC	fame	cv	0.005681818181818182	0.5545454545454546	1.5482724225693871
NSCLC	fame	cv	0.008522727272727272	0.5545454545454546	1.5430294229859325
NSCLC	fame	cv	0.008522727272727272	0.5636363636363636	1.386492948260534
NSCLC	fame	cv	0.011363636363636364	0.5636363636363636	1.3684937972864368
NSCLC	fame	cv	0.011363636363636364	0.5727272727272728	1.3352296605429603
NSCLC	fame	cv	0.022727272727272728	0.5727272727272728	1.142020886889159
NSCLC	fame	cv	0.022727272727272728	0.6181818181818182	0.987328704572506
NSCLC	fame	cv	0.02556818181818182	0.6181818181818182	0.9159690806383876
NSCLC	fame	cv	0.02556818181818182	0.6272727272727273	0.8706541081040113
NSCLC	fame	cv	0.03125	0.6272727272727273	0.8443174781517031
NSCLC	fame	cv	0.03125	0.6636363636363637	0.7657358195429547
NSCLC	fame	cv	0.036931818181818184	0.6636363636363637	0.7212384170769581
NSCLC	fame	cv	0.036931818181818184	0.6727272727272727	0.7008775762702597
NSCLC	fame	cv	0.03977272727272727	0.6727272727272727	0.6820138880045776
NSCLC	fame	cv	0.03977272727272727	0.6909090909090909	0.6009473033293008
NSCLC	fame	cv	0.04261363636363636	0.6909090909090909	0.5765970933346969
NSCLC	fame	cv	0.04261363636363636	0.7	0.5692626830940785
NSCLC	fame	cv	0.05397727272727273	0.7	0.4568090593027744
NSCLC	fame	cv	0.05397727272727273	0.7090909090909091	0.4328873502891421
NSCLC	fame	cv	0.056818181818181816	0.7090909090909091	0.4294292240688021
NSCLC	fame	cv	0.056818181818181816	0.7272727272727273	0.4058227995878411
NSCLC	fame	cv	0.05965909090909091	0.7272727272727273	0.3939766475024585
NSCLC	fame	cv	0.05965909090909091	0.7363636363636363	0.3898899961495161
NSCLC	fame	cv	0.07386363636363637	0.7363636363636363	0.227434677048914
NSCLC	fame	cv	0.07386363636363637	0.7545454545454545	0.1876060948288437
NSCLC	fame	cv	0.07954545454545454	0.7545454545454545	0.1441222901083375
NSCLC	fame	cv	0.07954545454545454	0.7909090909090909	0.1171597863762844
NSCLC	fame	cv	0.08806818181818182	0.7909090909090909	0.0821559825165924
NSCLC	fame	cv	0.08806818181818182	0.8090909090909091	0.0575244574747412
NSCLC	fame	cv	0.10511363636363637	0.8090909090909091	-0.0129200823935582
NSCLC	fame	cv	0.10511363636363637	0.8181818181818182	-0.0130842236779742
NSCLC	fame	cv	0.10795454545454546	0.8181818181818182	-0.0197447789377949
NSCLC	fame	cv	0.10795454545454546	0.8272727272727273	-0.0200711092562451
NSCLC	fame	cv	0.125	0.8272727272727273	-0.1154015886871577
NSCLC	fame	cv	0.125	0.8363636363636363	-0.1369808322197331
NSCLC	fame	cv	0.14488636363636365	0.8363636363636363	-0.2219406587848415
NSCLC	fame	cv	0.14488636363636365	0.8454545454545455	-0.2336819293964371
NSCLC	fame	cv	0.18181818181818182	0.8454545454545455	-0.412399251943399
NSCLC	fame	cv	0.18181818181818182	0.8545454545454545	-0.4148395606619502
NSCLC	fame	cv	0.1903409090909091	0.8545454545454545	-0.4475992373298167
NSCLC	fame	cv	0.1903409090909091	0.8636363636363636	-0.4537306537390146
NSCLC	fame	cv	0.19318181818181818	0.8636363636363636	-0.4711816548031048
NSCLC	fame	cv	0.19318181818181818	0.8727272727272727	-0.4804661730703855
NSCLC	fame	cv	0.22727272727272727	0.8727272727272727	-0.5743903276236959
NSCLC	fame	cv	0.22727272727272727	0.8818181818181818	-0.590038844355435
NSCLC	fame	cv	0.23863636363636365	0.8818181818181818	-0.6309706717558538
NSCLC	fame	cv	0.23863636363636365	0.8909090909090909	-0.6517296415956229
NSCLC	fame	cv	0.29545454545454547	0.8909090909090909	-0.7775090806147057
NSCLC	fame	cv	0.29545454545454547	0.9	-0.7778307037240915
NSCLC	fame	cv	0.3465909090909091	0.9	-0.917464646062901
NSCLC	fame	cv	0.3465909090909091	0.9090909090909091	-0.926879318894092
NSCLC	fame	cv	0.35795454545454547	0.9090909090909091	-0.9438918260398832
NSCLC	fame	cv	0.35795454545454547	0.9181818181818182	-0.9474621211987284
NSCLC	fame	cv	0.38636363636363635	0.9181818181818182	-1.015769975234187
NSCLC	fame	cv	0.38636363636363635	0.9272727272727272	-1.0312795341755523
NSCLC	fame	cv	0.38920454545454547	0.9272727272727272	-1.0490626565034338
NSCLC	fame	cv	0.38920454545454547	0.9363636363636364	-1.050706979008901
NSCLC	fame	cv	0.4090909090909091	0.9363636363636364	-1.1118146033961978
NSCLC	fame	cv	0.4090909090909091	0.9454545454545454	-1.123521197514204
NSCLC	fame	cv	0.4602272727272727	0.9454545454545454	-1.2229303165702436
NSCLC	fame	cv	0.4602272727272727	0.9545454545454546	-1.2269773378803095
NSCLC	fame	cv	0.6022727272727273	0.9545454545454546	-1.554492046171824
NSCLC	fame	cv	0.6022727272727273	0.9636363636363636	-1.55597297255013
NSCLC	fame	cv	0.6278409090909091	0.9636363636363636	-1.6731615546740568
NSCLC	fame	cv	0.6278409090909091	0.9727272727272728	-1.6754101564194468
NSCLC	fame	cv	0.6392045454545454	0.9727272727272728	-1.7023368596146835
NSCLC	fame	cv	0.6392045454545454	0.9818181818181818	-1.718455698892525
NSCLC	fame	cv	0.8380681818181818	0.9818181818181818	-2.298023886551844
NSCLC	fame	cv	0.8380681818181818	0.990909090909091	-2.303731732423725
NSCLC	fame	cv	0.9488636363636364	0.990909090909091	-2.8220710952679045
NSCLC	fame	cv	0.9488636363636364	1.0	-2.823446309018743
NSCLC	fame	cv	1.0	1.0	-3.822678727400276
NSCLC	fame-gw	cv	0.0	0.0	inf
NSCLC	fame-gw	cv	0.0	0.17272727272727273	1.0
NSCLC	fame-gw	cv	0.0	0.2	0.998
NSCLC	fame-gw	cv	0.0	0.23636363636363636	0.996
NSCLC	fame-gw	cv	0.0	0.2636363636363636	0.994
NSCLC	fame-gw	cv	0.0	0.2818181818181818	0.99
NSCLC	fame-gw	cv	0.0	0.3090909090909091	0.988
NSCLC	fame-gw	cv	0.0	0.32727272727272727	0.986
NSCLC	fame-gw	cv	0.0	0.37272727272727274	0.976
NSCLC	fame-gw	cv	0.002840909090909091	0.38181818181818183	0.972
NSCLC	fame-gw	cv	0.002840909090909091	0.4090909090909091	0.96
NSCLC	fame-gw	cv	0.002840909090909091	0.42727272727272725	0.958
NSCLC	fame-gw	cv	0.002840909090909091	0.5545454545454546	0.904
NSCLC	fame-gw	cv	0.002840909090909091	0.5727272727272728	0.9
NSCLC	fame-gw	cv	0.002840909090909091	0.5818181818181818	0.898
NSCLC	fame-gw	cv	0.002840909090909091	0.6181818181818182	0.866
NSCLC	fame-gw	cv	0.002840909090909091	0.7	0.816
NSCLC	fame-gw	cv	0.002840909090909091	0.7181818181818181	0.798
NSCLC	fame-gw	cv	0.002840909090909091	0.8090909090909091	0.684
NSCLC	fame-gw	cv	0.005681818181818182	0.8090909090909091	0.676
NSCLC	fame-gw	cv	0.005681818181818182	0.8363636363636363	0.644
NSCLC	fame-gw	cv	0.008522727272727272	0.8454545454545455	0.636
NSCLC	fame-gw	cv	0.008522727272727272	0.8545454545454545	0.634
NSCLC	fame-gw	cv	0.011363636363636364	0.8545454545454545	0.626
NSCLC	fame-gw	cv	0.011363636363636364	0.9454545454545454	0.446
NSCLC	fame-gw	cv	0.022727272727272728	0.9454545454545454	0.384
NSCLC	fame-gw	cv	0.02556818181818182	0.9545454545454546	0.382
NSCLC	fame-gw	cv	0.03125	0.9545454545454546	0.37
NSCLC	fame-gw	cv	0.03125	0.9727272727272728	0.35
NSCLC	fame-gw	cv	0.056818181818181816	0.9727272727272728	0.196
NSCLC	fame-gw	cv	0.0625	0.9727272727272728	0.18
NSCLC	fame-gw	cv	0.07102272727272728	0.9727272727272728	0.166
NSCLC	fame-gw	cv	0.08522727272727272	0.9727272727272728	0.13
NSCLC	fame-gw	cv	0.09375	0.9727272727272728	0.126
NSCLC	fame-gw	cv	0.09659090909090909	0.9727272727272728	0.122
NSCLC	fame-gw	cv	0.10227272727272728	0.9727272727272728	0.106
NSCLC	fame-gw	cv	0.10795454545454546	0.9727272727272728	0.096
NSCLC	fame-gw	cv	0.11363636363636363	0.9727272727272728	0.094
NSCLC	fame-gw	cv	0.12215909090909091	0.9727272727272728	0.084
NSCLC	fame-gw	cv	0.13068181818181818	0.9727272727272728	0.082
NSCLC	fame-gw	cv	0.14204545454545456	0.9727272727272728	0.074
NSCLC	fame-gw	cv	0.14772727272727273	0.9727272727272728	0.072
NSCLC	fame-gw	cv	0.15056818181818182	0.9727272727272728	0.07
NSCLC	fame-gw	cv	0.15625	0.9727272727272728	0.068
NSCLC	fame-gw	cv	0.1590909090909091	0.9727272727272728	0.064
NSCLC	fame-gw	cv	0.17897727272727273	0.9818181818181818	0.062
NSCLC	fame-gw	cv	0.18181818181818182	0.9818181818181818	0.058
NSCLC	fame-gw	cv	0.19318181818181818	0.9818181818181818	0.056
NSCLC	fame-gw	cv	0.22727272727272727	0.9818181818181818	0.048
NSCLC	fame-gw	cv	0.23295454545454544	0.9818181818181818	0.044
NSCLC	fame-gw	cv	0.25	0.9818181818181818	0.04
NSCLC	fame-gw	cv	0.2556818181818182	0.9818181818181818	0.038
NSCLC	fame-gw	cv	0.2585227272727273	0.9818181818181818	0.036
NSCLC	fame-gw	cv	0.2755681818181818	0.9818181818181818	0.034
NSCLC	fame-gw	cv	0.2840909090909091	0.9818181818181818	0.032
NSCLC	fame-gw	cv	0.29829545454545453	0.9818181818181818	0.03
NSCLC	fame-gw	cv	0.3153409090909091	0.9818181818181818	0.028
NSCLC	fame-gw	cv	0.3380681818181818	0.990909090909091	0.026
NSCLC	fame-gw	cv	0.35795454545454547	0.990909090909091	0.024
NSCLC	fame-gw	cv	0.375	0.990909090909091	0.022
NSCLC	fame-gw	cv	0.4318181818181818	0.990909090909091	0.018
NSCLC	fame-gw	cv	0.4715909090909091	0.990909090909091	0.016
NSCLC	fame-gw	cv	0.5028409090909091	0.990909090909091	0.014
NSCLC	fame-gw	cv	0.5397727272727273	0.990909090909091	0.012
NSCLC	fame-gw	cv	0.5852272727272727	0.990909090909091	0.01
NSCLC	fame-gw	cv	0.6477272727272727	0.990909090909091	0.008
NSCLC	fame-gw	cv	0.7130681818181818	0.990909090909091	0.006
NSCLC	fame-gw	cv	0.7897727272727273	0.990909090909091	0.004
NSCLC	fame-gw	cv	0.8835227272727273	0.990909090909091	0.002
NSCLC	fame-gw	cv	1.0	1.0	0.0
NSCLC	fame	test	0.0	0.0	inf
NSCLC	fame	test	0.0	0.02127659574468085	24.001368831156714
NSCLC	fame	test	0.0	0.574468085106383	1.4056869264706462
NSCLC	fame	test	0.020689655172413793	0.574468085106383	0.9881071634060244
NSCLC	fame	test	0.020689655172413793	0.5957446808510638	0.8746745093174344
NSCLC	fame	test	0.027586206896551724	0.5957446808510638	0.8417794116242429
NSCLC	fame	test	0.027586206896551724	0.6595744680851063	0.7475952865020967
NSCLC	fame	test	0.041379310344827586	0.6595744680851063	0.6936701368909312
NSCLC	fame	test	0.041379310344827586	0.6808510638297872	0.6596998271066113
NSCLC	fame	test	0.06896551724137931	0.6808510638297872	0.5219088453494154
NSCLC	fame	test	0.06896551724137931	0.723404255319149	0.3899888175892273
NSCLC	fame	test	0.07586206896551724	0.723404255319149	0.3565543961509874
NSCLC	fame	test	0.07586206896551724	0.7446808510638298	0.3560320352158648
NSCLC	fame	test	0.08275862068965517	0.7446808510638298	0.2946948437529018
NSCLC	fame	test	0.08275862068965517	0.7659574468085106	0.2572638753477504
NSCLC	fame	test	0.09655172413793103	0.7659574468085106	0.2391507675761712
NSCLC	fame	test	0.09655172413793103	0.7872340425531915	0.2166632536446981
NSCLC	fame	test	0.16551724137931034	0.7872340425531915	-0.1172051599629463
NSCLC	fame	test	0.16551724137931034	0.8085106382978723	-0.1206827496374225
NSCLC	fame	test	0.18620689655172415	0.8085106382978723	-0.1641655619878663
NSCLC	fame	test	0.18620689655172415	0.8297872340425532	-0.1737798139747191
NSCLC	fame	test	0.20689655172413793	0.8297872340425532	-0.2465998241401663
NSCLC	fame	test	0.20689655172413793	0.851063829787234	-0.2828137879689568
NSCLC	fame	test	0.23448275862068965	0.851063829787234	-0.3109872264494437
NSCLC	fame	test	0.23448275862068965	0.8723404255319149	-0.3173858485667311
NSCLC	fame	test	0.27586206896551724	0.8723404255319149	-0.4576142524181552
NSCLC	fame	test	0.27586206896551724	0.8936170212765957	-0.5457306268224648
NSCLC	fame	test	0.2827586206896552	0.8936170212765957	-0.5459566130624427
NSCLC	fame	test	0.2827586206896552	0.9148936170212766	-0.5789337462834361
NSCLC	fame	test	0.32413793103448274	0.9148936170212766	-0.6757848570886086
NSCLC	fame	test	0.32413793103448274	0.9361702127659575	-0.6955934463550119
NSCLC	fame	test	0.41379310344827586	0.9361702127659575	-0.8613552199303764
NSCLC	fame	test	0.41379310344827586	0.9574468085106383	-0.8721656361458217
NSCLC	fame	test	0.47586206896551725	0.9574468085106383	-1.0000270661843622
NSCLC	fame	test	0.47586206896551725	0.9787234042553191	-1.0627702845544644
NSCLC	fame	test	0.6	0.9787234042553191	-1.2654135541114744
NSCLC	fame	test	0.6	1.0	-1.266764569579791
NSCLC	fame	test	1.0	1.0	-3.323090104271384
NSCLC	fame-gw	test	0.0	0.0	inf
NSCLC	fame-gw	test	0.0	0.23404255319148937	1.0
NSCLC	fame-gw	test	0.0	0.3191489361702128	0.98
NSCLC	fame-gw	test	0.0	0.3617021276595745	0.978
NSCLC	fame-gw	test	0.0	0.5531914893617021	0.91
NSCLC	fame-gw	test	0.006896551724137931	0.5531914893617021	0.908
NSCLC	fame-gw	test	0.006896551724137931	0.6170212765957447	0.858
NSCLC	fame-gw	test	0.006896551724137931	0.6595744680851063	0.848
NSCLC	fame-gw	test	0.006896551724137931	0.6808510638297872	0.846
NSCLC	fame-gw	test	0.006896551724137931	0.723404255319149	0.844
NSCLC	fame-gw	test	0.006896551724137931	0.7659574468085106	0.79
NSCLC	fame-gw	test	0.013793103448275862	0.7659574468085106	0.766
NSCLC	fame-gw	test	0.013793103448275862	0.8297872340425532	0.736
NSCLC	fame-gw	test	0.020689655172413793	0.8297872340425532	0.73
NSCLC	fame-gw	test	0.020689655172413793	0.851063829787234	0.72
NSCLC	fame-gw	test	0.027586206896551724	0.851063829787234	0.716
NSCLC	fame-gw	test	0.027586206896551724	0.8723404255319149	0.714
NSCLC	fame-gw	test	0.034482758620689655	0.8723404255319149	0.71
NSCLC	fame-gw	test	0.034482758620689655	0.8936170212765957	0.632
NSCLC	fame-gw	test	0.041379310344827586	0.8936170212765957	0.62
NSCLC	fame-gw	test	0.041379310344827586	0.9361702127659575	0.596
NSCLC	fame-gw	test	0.05517241379310345	0.9361702127659575	0.55
NSCLC	fame-gw	test	0.05517241379310345	0.9574468085106383	0.548
NSCLC	fame-gw	test	0.06896551724137931	0.9574468085106383	0.5
NSCLC	fame-gw	test	0.06896551724137931	0.9787234042553191	0.478
NSCLC	fame-gw	test	0.09655172413793103	0.9787234042553191	0.27
NSCLC	fame-gw	test	0.1103448275862069	0.9787234042553191	0.17
NSCLC	fame-gw	test	0.16551724137931034	0.9787234042553191	0.07
NSCLC	fame-gw	test	0.19310344827586207	0.9787234042553191	0.066
NSCLC	fame-gw	test	0.2	0.9787234042553191	0.062
NSCLC	fame-gw	test	0.21379310344827587	0.9787234042553191	0.06
NSCLC	fame-gw	test	0.23448275862068965	0.9787234042553191	0.054
NSCLC	fame-gw	test	0.2482758620689655	0.9787234042553191	0.05
NSCLC	fame-gw	test	0.25517241379310346	0.9787234042553191	0.048
NSCLC	fame-gw	test	0.296551724137931	0.9787234042553191	0.044
NSCLC	fame-gw	test	0.30344827586206896	0.9787234042553191	0.042
NSCLC	fame-gw	test	0.32413793103448274	0.9787234042553191	0.04
NSCLC	fame-gw	test	0.33793103448275863	0.9787234042553191	0.036
NSCLC	fame-gw	test	0.36551724137931035	0.9787234042553191	0.034
NSCLC	fame-gw	test	0.3724137931034483	0.9787234042553191	0.032
NSCLC	fame-gw	test	0.3931034482758621	1.0	0.03
NSCLC	fame-gw	test	0.4	1.0	0.028
NSCLC	fame-gw	test	0.42758620689655175	1.0	0.026
NSCLC	fame-gw	test	0.4413793103448276	1.0	0.024
NSCLC	fame-gw	test	0.46206896551724136	1.0	0.022
NSCLC	fame-gw	test	0.4896551724137931	1.0	0.02
NSCLC	fame-gw	test	0.5379310344827586	1.0	0.018
NSCLC	fame-gw	test	0.5655172413793104	1.0	0.016
NSCLC	fame-gw	test	0.6068965517241379	1.0	0.012
NSCLC	fame-gw	test	0.6413793103448275	1.0	0.01
NSCLC	fame-gw	test	0.6896551724137931	1.0	0.008
NSCLC	fame-gw	test	0.7241379310344828	1.0	0.006
NSCLC	fame-gw	test	0.8206896551724138	1.0	0.004
NSCLC	fame-gw	test	0.903448275862069	1.0	0.002
NSCLC	fame-gw	test	1.0	1.0	0.0
PACA	fame	cv	0.0	0.0	inf
PACA	fame	cv	0.0	0.012048192771084338	57.70433793360333
PACA	fame	cv	0.0	0.7349397590361446	1.959467137452699
PACA	fame	cv	0.002840909090909091	0.7349397590361446	1.8060485438811869
PACA	fame	cv	0.002840909090909091	0.7831325301204819	1.50800802865838
PACA	fame	cv	0.005681818181818182	0.7831325301204819	1.1668008738419715
PACA	fame	cv	0.005681818181818182	0.8192771084337349	1.0827373833629292
PACA	fame	cv	0.008522727272727272	0.8192771084337349	1.016918518173361
PACA	fame	cv	0.008522727272727272	0.8313253012048193	0.9806539600874652
PACA	fame	cv	0.011363636363636364	0.8313253012048193	0.9682044005953108
PACA	fame	cv	0.011363636363636364	0.8433734939759037	0.8862174644067823
PACA	fame	cv	0.022727272727272728	0.8433734939759037	0.6882425394677898
PACA	fame	cv	0.022727272727272728	0.8554216867469879	0.6464271282258723
PACA	fame	cv	0.03125	0.8554216867469879	0.553905985390518
PACA	fame	cv	0.03125	0.8674698795180723	0.553265911426513
PACA	fame	cv	0.036931818181818184	0.8674698795180723	0.4351498017825652
PACA	fame	cv	0.036931818181818184	0.8795180722891566	0.3312691615366637
PACA	fame	cv	0.03977272727272727	0.8795180722891566	0.3304207099780666
PACA	fame	cv	0.03977272727272727	0.891566265060241	0.315401013908684
PACA	fame	cv	0.048295454545454544	0.891566265060241	0.1870954186339369
PACA	fame	cv	0.048295454545454544	0.9036144578313253	0.1280049952978373
PACA	fame	cv	0.05113636363636364	0.9036144578313253	0.122120116670764
PACA	fame	cv	0.05113636363636364	0.9156626506024096	0.0825444498742794
PACA	fame	cv	0.05965909090909091	0.9156626506024096	0.0338869209883889
PACA	fame	cv	0.05965909090909091	0.927710843373494	-0.0321471255489207
PACA	fame	cv	0.06534090909090909	0.927710843373494	-0.1325567464798434
PACA	fame	cv	0.06534090909090909	0.9518072289156626	-0.2207919875567561
PACA	fame	cv	0.10511363636363637	0.9518072289156626	-0.5064445334854365
PACA	fame	cv	0.10511363636363637	0.963855421686747	-0.507869893405308
PACA	fame	cv	0.13068181818181818	0.963855421686747	-0.7272803477121703
PACA	fame	cv	0.13068181818181818	0.9759036144578314	-0.7698054019234529
PACA	fame	cv	0.17329545454545456	0.9759036144578314	-1.0517728549893155
PACA	fame	cv	0.17329545454545456	0.9879518072289156	-1.0868155778002746
PACA	fame	cv	0.19886363636363635	0.9879518072289156	-1.2393045207644295
PACA	fame	cv	0.19886363636363635	1.0	-1.253445022930278
PACA	fame	cv	1.0	1.0	-6.229204639859002
PACA	fame-gw	cv	0.0	0.0	inf
PACA	fame-gw	cv	0.0	0.3373493975903614	1.0
PACA	fame-gw	cv	0.0	0.39759036144578314	0.998
PACA	fame-gw	cv	0.0	0.46987951807228917	0.992
PACA	fame-gw	cv	0.0	0.4939759036144578	0.99
PACA	fame-gw	cv	0.0	0.5301204819277109	0.982
PACA	fame-gw	cv	0.0	0.5542168674698795	0.98
PACA	fame-gw	cv	0.0	0.9156626506024096	0.69
PACA	fame-gw	cv	0.0	0.9397590361445783	0.644
PACA	fame-gw	cv	0.0	0.963855421686747	0.57
PACA	fame-gw	cv	0.014204545454545454	0.963855421686747	0.418
PACA	fame-gw	cv	0.014204545454545454	1.0	0.292
PACA	fame-gw	cv	0.03409090909090909	1.0	0.136
PACA	fame-gw	cv	0.03977272727272727	1.0	0.128
PACA	fame-gw	cv	0.048295454545454544	1.0	0.1
PACA	fame-gw	cv	0.05965909090909091	1.0	0.078
PACA	fame-gw	cv	0.07670454545454546	1.0	0.062
PACA	fame-gw	cv	0.08238636363636363	1.0	0.058
PACA	fame-gw	cv	0.08522727272727272	1.0	0.054
PACA	fame-gw	cv	0.09090909090909091	1.0	0.048
PACA	fame-gw	cv	0.09943181818181818	1.0	0.038
PACA	fame-gw	cv	0.11079545454545454	1.0	0.034
PACA	fame-gw	cv	0.11931818181818182	1.0	0.03
PACA	fame-gw	cv	0.12215909090909091	1.0	0.028
PACA	fame-gw	cv	0.1278409090909091	1.0	0.026
PACA	fame-gw	cv	0.13068181818181818	1.0	0.024
PACA	fame-gw	cv	0.14204545454545456	1.0	0.018
PACA	fame-gw	cv	0.14488636363636365	1.0	0.016
PACA	fame-gw	cv	0.1590909090909091	1.0	0.014
PACA	fame-gw	cv	0.17613636363636365	1.0	0.01
PACA	fame-gw	cv	0.20738636363636365	1.0	0.008
PACA	fame-gw	cv	0.24147727272727273	1.0	0.006
PACA	fame-gw	cv	0.2840909090909091	1.0	0.004
PACA	fame-gw	cv	0.3721590909090909	1.0	0.002
PACA	fame-gw	cv	1.0	1.0	0.0
PACA	fame	test	0.0	0.0	inf
PACA	fame	test	0.0	0.027777777777777776	31.673025672038595
PACA	fame	test	0.0	0.7222222222222222	2.713606468943802
PACA	fame	test	0.013793103448275862	0.7222222222222222	1.6647810214964638
PACA	fame	test	0.013793103448275862	0.8055555555555556	1.1440170163685837
PACA	fame	test	0.020689655172413793	0.8055555555555556	1.0576843101951208
PACA	fame	test	0.020689655172413793	0.8333333333333334	1.0180549421123133
PACA	fame	test	0.027586206896551724	0.8333333333333334	0.9963644511565796
PACA	fame	test	0.027586206896551724	0.8888888888888888	0.8343617332316345
PACA	fame	test	0.06206896551724138	0.8888888888888888	0.5587372330708914
PACA	fame	test	0.06206896551724138	0.9166666666666666	0.4318482055796285
PACA	fame	test	0.0896551724137931	0.9166666666666666	0.2019868749385612
PACA	fame	test	0.0896551724137931	0.9444444444444444	0.1908916904135108
PACA	fame	test	0.21379310344827587	0.9444444444444444	-0.6827031427713021
PACA	fame	test	0.21379310344827587	0.9722222222222222	-0.7719224449382762
PACA	fame	test	0.2206896551724138	0.9722222222222222	-0.8061874137243543
PACA	fame	test	0.2206896551724138	1.0	-0.8712085667440638
PACA	fame	test	1.0	1.0	-5.422592632872523
PACA	fame-gw	test	0.0	0.0	inf
PACA	fame-gw	test	0.0	0.3333333333333333	1.0
PACA	fame-gw	test	0.0	0.4444444444444444	0.998
PACA	fame-gw	test	0.0	0.4722222222222222	0.994
PACA	fame-gw	test	0.0	0.5555555555555556	0.992
PACA	fame-gw	test	0.0	0.5833333333333334	0.99
PACA	fame-gw	test	0.0	0.6388888888888888	0.98
PACA	fame-gw	test	0.0	0.8888888888888888	0.816
PACA	fame-gw	test	0.006896551724137931	0.8888888888888888	0.772
PACA	fame-gw	test	0.006896551724137931	0.9722222222222222	0.504
PACA	fame-gw	test	0.0896551724137931	0.9722222222222222	0.08
PACA	fame-gw	test	0.0896551724137931	1.0	0.074
PACA	fame-gw	test	0.10344827586206896	1.0	0.064
PACA	fame-gw	test	0.11724137931034483	1.0	0.06
PACA	fame-gw	test	0.13793103448275862	1.0	0.046
PACA	fame-gw	test	0.15172413793103448	1.0	0.044
PACA	fame-gw	test	0.15862068965517243	1.0	0.032
PACA	fame-gw	test	0.2	1.0	0.022
PACA	fame-gw	test	0.2206896551724138	1.0	0.012
PACA	fame-gw	test	0.2413793103448276	1.0	0.01
PACA	fame-gw	test	0.2482758620689655	1.0	0.008
PACA	fame-gw	test	0.2689655172413793	1.0	0.006
PACA	fame-gw	test	0.33793103448275863	1.0	0.004
PACA	fame-gw	test	0.46206896551724136	1.0	0.002
PACA	fame-gw	test	1.0	1.0	0.0
STAD	fame	cv	0.0	0.0	inf
STAD	fame	cv	0.0	0.01282051282051282	44.85051350469651
STAD	fame	cv	0.0	0.5256410256410257	2.782307701215336
STAD	fame	cv	0.002840909090909091	0.5256410256410257	2.6116076944257203
STAD	fame	cv	0.002840909090909091	0.5769230769230769	2.0220539008551754
STAD	fame	cv	0.005681818181818182	0.5769230769230769	1.8387293797380488
STAD	fame	cv	0.005681818181818182	0.7435897435897436	1.2825313766827648
STAD	fame	cv	0.014204545454545454	0.7435897435897436	0.8902209125773649
STAD	fame	cv	0.014204545454545454	0.7564102564102564	0.8776674425406513
STAD	fame	cv	0.019886363636363636	0.7564102564102564	0.8244852324295261
STAD	fame	cv	0.019886363636363636	0.782051282051282	0.7954318668538845
STAD	fame	cv	0.03125	0.782051282051282	0.3542396843867005
STAD	fame	cv	0.03125	0.8205128205128205	0.185448218960004
STAD	fame	cv	0.03977272727272727	0.8205128205128205	0.1379036322116441
STAD	fame	cv	0.03977272727272727	0.8333333333333334	0.1286542040497913
STAD	fame	cv	0.04261363636363636	0.8333333333333334	0.1151809639668857
STAD	fame	cv	0.04261363636363636	0.8461538461538461	0.1014385973687229
STAD	fame	cv	0.048295454545454544	0.8461538461538461	0.0439415524991497
STAD	fame	cv	0.048295454545454544	0.8589743589743589	0.0397235798333778
STAD	fame	cv	0.06534090909090909	0.8589743589743589	-0.0218290781530928
STAD	fame	cv	0.06534090909090909	0.8717948717948718	-0.0338150218785908
STAD	fame	cv	0.07670454545454546	0.8717948717948718	-0.1142520368456663
STAD	fame	cv	0.07670454545454546	0.8846153846153846	-0.1310248528795201
STAD	fame	cv	0.10511363636363637	0.8846153846153846	-0.3085441481510295
STAD	fame	cv	0.10511363636363637	0.8974358974358975	-0.3186340602128897
STAD	fame	cv	0.11931818181818182	0.8974358974358975	-0.3513246624489254
STAD	fame	cv	0.11931818181818182	0.9102564102564102	-0.3564974820707584
STAD	fame	cv	0.14204545454545456	0.9102564102564102	-0.4353536665538155
STAD	fame	cv	0.14204545454545456	0.9230769230769231	-0.4765853039123787
STAD	fame	cv	0.16477272727272727	0.9230769230769231	-0.6140103402689279
STAD	fame	cv	0.16477272727272727	0.9358974358974359	-0.6174135308794264
STAD	fame	cv	0.16761363636363635	0.9358974358974359	-0.6176913242123758
STAD	fame	cv	0.16761363636363635	0.9487179487179487	-0.6189379136910802
STAD	fame	cv	0.17045454545454544	0.9487179487179487	-0.6281702319210101
STAD	fame	cv	0.17045454545454544	0.9615384615384616	-0.6455580373307275
STAD	fame	cv	0.17897727272727273	0.9615384615384616	-0.6911332908181091
STAD	fame	cv	0.17897727272727273	0.9743589743589743	-0.6941342041785459
STAD	fame	cv	0.20170454545454544	0.9743589743589743	-0.8376269956184461
STAD	fame	cv	0.20170454545454544	0.9871794871794872	-0.8718995262922254
STAD	fame	cv	0.2755681818181818	0.9871794871794872	-1.11221726789641
STAD	fame	cv	0.2755681818181818	1.0	-1.1403701603209662
STAD	fame	cv	1.0	1.0	-4.000104438698612
STAD	fame-gw	cv	0.0	0.0	inf
STAD	fame-gw	cv	0.0	0.2564102564102564	1.0
STAD	fame-gw	cv	0.0	0.32051282051282054	0.998
STAD	fame-gw	cv	0.0	0.34615384615384615	0.992
STAD	fame-gw	cv	0.0	0.38461538461538464	0.99
STAD	fame-gw	cv	0.0	0.41025641025641024	0.986
STAD	fame-gw	cv	0.0	0.4358974358974359	0.982
STAD	fame-gw	cv	0.0	0.46153846153846156	0.978
STAD	fame-gw	cv	0.0	0.5128205128205128	0.962
STAD	fame-gw	cv	0.0	0.5256410256410257	0.956
STAD	fame-gw	cv	0.002840909090909091	0.5256410256410257	0.944
STAD	fame-gw	cv	0.002840909090909091	0.5769230769230769	0.906
STAD	fame-gw	cv	0.002840909090909091	0.6025641025641025	0.89
STAD	fame-gw	cv	0.002840909090909091	0.7051282051282052	0.792
STAD	fame-gw	cv	0.005681818181818182	0.7051282051282052	0.778
STAD	fame-gw	cv	0.005681818181818182	0.7307692307692307	0.706
STAD	fame-gw	cv	0.005681818181818182	0.7564102564102564	0.678
STAD	fame-gw	cv	0.011363636363636364	0.7564102564102564	0.592
STAD	fame-gw	cv	0.011363636363636364	0.8076923076923077	0.5
STAD	fame-gw	cv	0.014204545454545454	0.8076923076923077	0.464
STAD	fame-gw	cv	0.014204545454545454	0.8205128205128205	0.454
STAD	fame-gw	cv	0.017045454545454544	0.8205128205128205	0.436
STAD	fame-gw	cv	0.017045454545454544	0.8333333333333334	0.424
STAD	fame-gw	cv	0.022727272727272728	0.8333333333333334	0.412
STAD	fame-gw	cv	0.02556818181818182	0.8461538461538461	0.408
STAD	fame-gw	cv	0.02556818181818182	0.8717948717948718	0.374
STAD	fame-gw	cv	0.03125	0.8717948717948718	0.366
STAD	fame-gw	cv	0.03125	0.8846153846153846	0.36
STAD	fame-gw	cv	0.03409090909090909	0.8846153846153846	0.34
STAD	fame-gw	cv	0.03409090909090909	0.8974358974358975	0.32
STAD	fame-gw	cv	0.03977272727272727	0.8974358974358975	0.276
STAD	fame-gw	cv	0.03977272727272727	0.9102564102564102	0.252
STAD	fame-gw	cv	0.045454545454545456	0.9102564102564102	0.232
STAD	fame-gw	cv	0.045454545454545456	0.9358974358974359	0.23
STAD	fame-gw	cv	0.05113636363636364	0.9358974358974359	0.218
STAD	fame-gw	cv	0.05113636363636364	0.9487179487179487	0.214
STAD	fame-gw	cv	0.0625	0.9487179487179487	0.174
STAD	fame-gw	cv	0.0625	0.9615384615384616	0.166
STAD	fame-gw	cv	0.06818181818181818	0.9615384615384616	0.164
STAD	fame-gw	cv	0.07102272727272728	0.9615384615384616	0.134
STAD	fame-gw	cv	0.07102272727272728	0.9743589743589743	0.132
STAD	fame-gw	cv	0.07954545454545454	0.9743589743589743	0.11
STAD	fame-gw	cv	0.09659090909090909	0.9743589743589743	0.096
STAD	fame-gw	cv	0.09659090909090909	0.9871794871794872	0.094
STAD	fame-gw	cv	0.10227272727272728	0.9871794871794872	0.076
STAD	fame-gw	cv	0.10795454545454546	0.9871794871794872	0.074
STAD	fame-gw	cv	0.11079545454545454	0.9871794871794872	0.07
STAD	fame-gw	cv	0.12215909090909091	0.9871794871794872	0.068
STAD	fame-gw	cv	0.1278409090909091	0.9871794871794872	0.06
STAD	fame-gw	cv	0.13352272727272727	0.9871794871794872	0.056
STAD	fame-gw	cv	0.17613636363636365	0.9871794871794872	0.044
STAD	fame-gw	cv	0.18181818181818182	0.9871794871794872	0.042
STAD	fame-gw	cv	0.1903409090909091	0.9871794871794872	0.04
STAD	fame-gw	cv	0.20170454545454544	0.9871794871794872	0.036
STAD	fame-gw	cv	0.20454545454545456	0.9871794871794872	0.034
STAD	fame-gw	cv	0.2159090909090909	0.9871794871794872	0.03
STAD	fame-gw	cv	0.2215909090909091	0.9871794871794872	0.028
STAD	fame-gw	cv	0.23863636363636365	0.9871794871794872	0.024
STAD	fame-gw	cv	0.24147727272727273	0.9871794871794872	0.022
STAD	fame-gw	cv	0.2471590909090909	0.9871794871794872	0.02
STAD	fame-gw	cv	0.26136363636363635	0.9871794871794872	0.018
STAD	fame-gw	cv	0.2869318181818182	0.9871794871794872	0.016
STAD	fame-gw	cv	0.30113636363636365	0.9871794871794872	0.014
STAD	fame-gw	cv	0.32386363636363635	0.9871794871794872	0.012
STAD	fame-gw	cv	0.35511363636363635	0.9871794871794872	0.01
STAD	fame-gw	cv	0.36363636363636365	0.9871794871794872	0.008
STAD	fame-gw	cv	0.4090909090909091	0.9871794871794872	0.006
STAD	fame-gw	cv	0.45738636363636365	1.0	0.004
STAD	fame-gw	cv	0.5539772727272727	1.0	0.002
STAD	fame-gw	cv	1.0	1.0	0.0
STAD	fame	test	0.0	0.0	inf
STAD	fame	test	0.0	0.027777777777777776	36.070199306794
STAD	fame	test	0.0	0.6111111111111112	2.4101299324529664
STAD	fame	test	0.006896551724137931	0.6111111111111112	2.3476214851377057
STAD	fame	test	0.006896551724137931	0.7777777777777778	1.4679563304272056
STAD	fame	test	0.013793103448275862	0.7777777777777778	1.2936317366912808
STAD	fame	test	0.013793103448275862	0.8055555555555556	1.2436998212172372
STAD	fame	test	0.020689655172413793	0.8055555555555556	1.2035888290505323
STAD	fame	test	0.020689655172413793	0.8611111111111112	1.0199166031008176
STAD	fame	test	0.034482758620689655	0.8611111111111112	0.6258014017505271
STAD	fame	test	0.034482758620689655	0.8888888888888888	0.6169358237766969
STAD	fame	test	0.041379310344827586	0.8888888888888888	0.6142036249741332
STAD	fame	test	0.041379310344827586	0.9166666666666666	0.562205780110125
STAD	fame	test	0.06206896551724138	0.9166666666666666	0.2883241214103721
STAD	fame	test	0.06206896551724138	0.9444444444444444	0.2524132188180265
STAD	fame	test	0.15172413793103448	0.9444444444444444	-0.3141258913144351
STAD	fame	test	0.15172413793103448	0.9722222222222222	-0.317290470604782
STAD	fame	test	0.2827586206896552	0.9722222222222222	-0.805609485077613
STAD	fame	test	0.2827586206896552	1.0	-0.8070852638890744
STAD	fame	test	1.0	1.0	-3.619423496661649
STAD	fame-gw	test	0.0	0.0	inf
STAD	fame-gw	test	0.0	0.4444444444444444	1.0
STAD	fame-gw	test	0.0	0.5	0.996
STAD	fame-gw	test	0.0	0.75	0.798
STAD	fame-gw	test	0.006896551724137931	0.75	0.79
STAD	fame-gw	test	0.006896551724137931	0.9722222222222222	0.57
STAD	fame-gw	test	0.013793103448275862	1.0	0.502
STAD	fame-gw	test	0.10344827586206896	1.0	0.156
STAD	fame-gw	test	0.12413793103448276	1.0	0.138
STAD	fame-gw	test	0.1724137931034483	1.0	0.088
STAD	fame-gw	test	0.18620689655172415	1.0	0.084
STAD	fame-gw	test	0.2	1.0	0.078
STAD	fame-gw	test	0.21379310344827587	1.0	0.074
STAD	fame-gw	test	0.2206896551724138	1.0	0.072
STAD	fame-gw	test	0.23448275862068965	1.0	0.064
STAD	fame-gw	test	0.2620689655172414	1.0	0.042
STAD	fame-gw	test	0.27586206896551724	1.0	0.038
STAD	fame-gw	test	0.296551724137931	1.0	0.024
STAD	fame-gw	test	0.31724137931034485	1.0	0.02
STAD	fame-gw	test	0.3448275862068966	1.0	0.018
STAD	fame-gw	test	0.38620689655172413	1.0	0.016
STAD	fame-gw	test	0.4	1.0	0.014
STAD	fame-gw	test	0.4413793103448276	1.0	0.012
STAD	fame-gw	test	0.4689655172413793	1.0	0.01
STAD	fame-gw	test	0.5103448275862069	1.0	0.008
STAD	fame-gw	test	0.5379310344827586	1.0	0.006
STAD	fame-gw	test	0.5793103448275863	1.0	0.004
STAD	fame-gw	test	0.696551724137931	1.0	0.002
STAD	fame-gw	test	1.0	1.0	0.0
